mentor_id,name,role,company,industry,department,experience_years,skills,specializations,mentoring_style,availability,communication_preference,rating,sessions_completed,success_rate,bio
MEN001,Aarav Mehta,Senior Software Engineer / AI Lead,Google,Cloud & AI Infrastructure,Computer Science,7,"Python, FastAPI, React, AWS, System Design, Machine Learning, MLOps, Docker","Production ML APIs, Cloud Scalability, System Design & Microservices",Hands-on Projects & Architecture Reviews,High (3-4 hrs/week),Async & Weekly Sync,4.9,54,96,"Senior AI Infrastructure Engineer at Google with 7 years of industry experience. Passionate about helping university students master production-grade ML APIs, containerization, and backend architecture."
MEN002,Dr. Radhika Sharma,Associate Professor & Research Chair,IISc / University Lab,Academic & Deep Tech Research,Artificial Intelligence & Data Science,11,"Python, Machine Learning, Deep Learning, NLP, Research, Algorithms, LLMs","Applied NLP, Transformer Architectures, Research Publications, PhD Guidance",Conceptual / Theory First & Research Guidance,Moderate (2 hrs/week),Weekly Video Calls,4.8,62,92,"AI Researcher and Associate Professor specializing in Large Language Models and Foundation Models. Mentors students aiming for high-impact research, Master's/PhD admissions, and R&D labs."
MEN003,Rohan Varma,Principal Cloud Architect,Amazon Web Services (AWS),Cloud Computing & DevOps,Computer Science,9,"AWS, Docker, Kubernetes, DevOps, System Design, Python, Microservices","Cloud Native Architecture, Kubernetes Orchestration, Cost Optimization",Hands-on Projects & Real-World Case Studies,High (Flexible),Chat & Code Reviews,4.9,45,95,"AWS Principal Architect guiding engineering students through enterprise cloud deployment, multi-region scaling, and Docker/Kubernetes container infrastructure."
MEN004,Vihaan Pandey,Entrepreneur - Senior UI/UX Design Lead,Adobe,Creative Cloud,Computer Science Engineering,2,"User Research, Figma, Design Systems, UI/UX, React, Cybersecurity","React Mastery, Career Preparation, Portfolio Reviews",Hands-on Projects,High (3-4 hrs/week),Bi-weekly Mentorship,4.9,37,89,"Entrepreneur at Adobe with 2 years of domain experience. Enjoys guiding college students through skill gaps, career roadmaps, and technical interview simulations."
MEN005,Atharva Deshmukh,Professor - Staff Full Stack Engineer,Campus Academic Wing,Enterprise Software,Electrical Engineering,4,"JavaScript, System Design, Product Management, Node.js, FastAPI, TypeScript, Computer Vision, React, SQL","System Design Mastery, Career Preparation, Portfolio Reviews",Conceptual / Theory First,High (Flexible),Weekly Video Calls,4.7,53,93,"Professor at Microsoft with 4 years of domain experience. Enjoys guiding college students through skill gaps, career roadmaps, and technical interview simulations."
MEN006,Ahana Bose,Senior Student - Senior UI/UX Design Lead,Campus Academic Wing,Creative Cloud,Electronics & Communication,2,"User Research, Django, Figma, Design Systems, UI/UX, React","Design Systems Mastery, Career Preparation, Portfolio Reviews",Hands-on Projects,Evenings,Weekly Video Calls,4.6,34,88,"Senior Student at Adobe with 2 years of domain experience. Enjoys guiding college students through skill gaps, career roadmaps, and technical interview simulations."
MEN007,Myra Iyer,Researcher - Staff Full Stack Engineer,Campus Academic Wing,Enterprise Software,Artificial Intelligence & Data Science,3,"Prompt Engineering, JavaScript, System Design, Node.js, FastAPI, Cybersecurity, TypeScript, React, SQL","SQL Mastery, Career Preparation, Portfolio Reviews",Step-by-step Guidance,High (3-4 hrs/week),Flexible Office Hours,4.4,39,94,"Researcher at Microsoft with 3 years of domain experience. Enjoys guiding college students through skill gaps, career roadmaps, and technical interview simulations."
MEN008,Siya Singh,Senior Student - Product Lead,Campus Academic Wing,Consumer Tech,Electronics & Communication,3,"Deep Learning, Communication, Leadership, Data Structures, UI/UX, Product Management, Data Analysis","Product Management Mastery, Career Preparation, Portfolio Reviews",Pair Programming,High (3-4 hrs/week),Flexible Office Hours,4.5,52,98,"Senior Student at Meta with 3 years of domain experience. Enjoys guiding college students through skill gaps, career roadmaps, and technical interview simulations."
MEN009,Prisha Choudhury,Teaching Assistant - Senior UI/UX Design Lead,Campus Academic Wing,Creative Cloud,Information Technology,2,"Python, User Research, LLMs, Azure, Figma, Design Systems, UI/UX, React","React Mastery, Career Preparation, Portfolio Reviews",Conceptual / Theory First,High (Flexible),Async & Weekly Sync,4.4,27,92,"Teaching Assistant at Adobe with 2 years of domain experience. Enjoys guiding college students through skill gaps, career roadmaps, and technical interview simulations."
MEN010,Vihaan Gupta,Principal DevOps Engineer,Uber,High Scale Logistics,Mechanical Engineering,7,"Linux, NLP, AWS, GCP, Docker, Kubernetes, CI/CD, DevOps","GCP Mastery, Career Preparation, Portfolio Reviews",Step-by-step Guidance,Weekends Only,Weekly Video Calls,4.6,16,91,"Industry Professional at Uber with 7 years of domain experience. Enjoys guiding college students through skill gaps, career roadmaps, and technical interview simulations."
MEN011,Dhruv Rao,Teaching Assistant - Senior AI/ML Engineer,Campus Academic Wing,AI Hardware & Inference,Information Technology,4,"Python, Java, Azure, Docker, PyTorch, Computer Vision, MLOps, Git, Deep Learning","Deep Learning Mastery, Career Preparation, Portfolio Reviews",Discussion & Case Studies,High (3-4 hrs/week),Weekly Video Calls,4.9,54,93,"Teaching Assistant at NVIDIA with 4 years of domain experience. Enjoys guiding college students through skill gaps, career roadmaps, and technical interview simulations."
MEN012,Neha Kulkarni,Teaching Assistant - Senior Cybersecurity Specialist,Campus Academic Wing,Network & Enterprise Security,Computer Science Engineering,4,"Python, Linux, System Design, SQL, Leadership, Networking, Cybersecurity","Networking Mastery, Career Preparation, Portfolio Reviews",Hands-on Projects,Moderate (2 hrs/week),Weekly Video Calls,4.8,20,95,"Teaching Assistant at Cisco with 4 years of domain experience. Enjoys guiding college students through skill gaps, career roadmaps, and technical interview simulations."
MEN013,Ayaan Mehta,Teaching Assistant - Lead Data Scientist,Campus Academic Wing,FinTech & Fraud Detection,Information Technology,2,"Python, Power BI, Tableau, Machine Learning, SQL, Data Analysis","SQL Mastery, Career Preparation, Portfolio Reviews",Conceptual / Theory First,Evenings,Weekly Video Calls,4.4,71,92,"Teaching Assistant at Stripe with 2 years of domain experience. Enjoys guiding college students through skill gaps, career roadmaps, and technical interview simulations."
MEN014,Ira Iyer,Alumni - Product Lead,Meta,Consumer Tech,Electronics & Communication,4,"Communication, Leadership, Research, MongoDB, Kubernetes, UI/UX, Product Management, Data Analysis","UI/UX Mastery, Career Preparation, Portfolio Reviews",Step-by-step Guidance,Evenings,Chat & Code Reviews,4.4,58,94,"Alumni at Meta with 4 years of domain experience. Enjoys guiding college students through skill gaps, career roadmaps, and technical interview simulations."
MEN015,Navya Bansal,Entrepreneur - Senior UI/UX Design Lead,Adobe,Creative Cloud,Electrical Engineering,2,"User Research, Java, Figma, Design Systems, UI/UX, React","User Research Mastery, Career Preparation, Portfolio Reviews",Conceptual / Theory First,High (Flexible),Weekly Video Calls,4.7,22,92,"Entrepreneur at Adobe with 2 years of domain experience. Enjoys guiding college students through skill gaps, career roadmaps, and technical interview simulations."
MEN016,Aaryan Bose,Alumni - Alumni Software Engineer,Goldman Sachs,Quantitative Technology,Information Technology,4,"System Design, Algorithms, Java, Data Structures, UI/UX, MLOps, SQL","System Design Mastery, Career Preparation, Portfolio Reviews",Conceptual / Theory First,Moderate (2 hrs/week),Weekly Video Calls,4.8,21,93,"Alumni at Goldman Sachs with 4 years of domain experience. Enjoys guiding college students through skill gaps, career roadmaps, and technical interview simulations."
MEN017,Aarav Sharma,Researcher - Teaching Assistant & Master Scholar,Campus Academic Wing,Academics,Electronics & Communication,3,"Python, Algorithms, GitHub, Figma, Data Structures, Git, Product Management","Python Mastery, Career Preparation, Portfolio Reviews",Discussion & Case Studies,High (3-4 hrs/week),Chat & Code Reviews,5.0,59,94,"Researcher at University Tech Hub with 3 years of domain experience. Enjoys guiding college students through skill gaps, career roadmaps, and technical interview simulations."
MEN018,Aditya Kothari,Staff Full Stack Engineer,Microsoft,Enterprise Software,Artificial Intelligence & Data Science,12,"System Design, Node.js, FastAPI, MongoDB, TypeScript, React, SQL","SQL Mastery, Career Preparation, Portfolio Reviews",Step-by-step Guidance,Weekends Only,Async & Weekly Sync,4.9,44,99,"Industry Professional at Microsoft with 12 years of domain experience. Enjoys guiding college students through skill gaps, career roadmaps, and technical interview simulations."
MEN019,Vikram Bose,Researcher - Senior UI/UX Design Lead,Campus Academic Wing,Creative Cloud,Mechanical Engineering,2,"User Research, Research, Figma, Design Systems, UI/UX, React","UI/UX Mastery, Career Preparation, Portfolio Reviews",Conceptual / Theory First,Weekends Only,Flexible Office Hours,4.4,58,98,"Researcher at Adobe with 2 years of domain experience. Enjoys guiding college students through skill gaps, career roadmaps, and technical interview simulations."
MEN020,Myra Deshmukh,Alumni - Lead Data Scientist,Stripe,FinTech & Fraud Detection,Mechanical Engineering,2,"Python, LLMs, Computer Vision, Tableau, Machine Learning, SQL, Data Analysis","Data Analysis Mastery, Career Preparation, Portfolio Reviews",Step-by-step Guidance,High (Flexible),Async & Weekly Sync,4.5,23,98,"Alumni at Stripe with 2 years of domain experience. Enjoys guiding college students through skill gaps, career roadmaps, and technical interview simulations."
MEN021,Meera Kothari,Senior Cybersecurity Specialist,Cisco,Network & Enterprise Security,Artificial Intelligence & Data Science,5,"Python, Linux, System Design, Docker, GitHub, Networking, Cybersecurity","Linux Mastery, Career Preparation, Portfolio Reviews",Hands-on Projects,High (3-4 hrs/week),Flexible Office Hours,4.7,60,97,"Industry Professional at Cisco with 5 years of domain experience. Enjoys guiding college students through skill gaps, career roadmaps, and technical interview simulations."
MEN022,Deepak Trivedi,Entrepreneur - Principal DevOps Engineer,Uber,High Scale Logistics,Electronics & Communication,2,"Linux, AWS, GCP, Docker, Kubernetes, Figma, CI/CD, DevOps","Docker Mastery, Career Preparation, Portfolio Reviews",Hands-on Projects,High (3-4 hrs/week),Chat & Code Reviews,4.8,12,90,"Entrepreneur at Uber with 2 years of domain experience. Enjoys guiding college students through skill gaps, career roadmaps, and technical interview simulations."
MEN023,Meera Das,Researcher - Product Lead,Campus Academic Wing,Consumer Tech,Electronics & Communication,4,"Communication, SQL, Leadership, UI/UX, Product Management, Data Analysis","UI/UX Mastery, Career Preparation, Portfolio Reviews",Discussion & Case Studies,High (3-4 hrs/week),Chat & Code Reviews,4.6,29,91,"Researcher at Meta with 4 years of domain experience. Enjoys guiding college students through skill gaps, career roadmaps, and technical interview simulations."
MEN024,Siya Menon,Professor - Senior Cybersecurity Specialist,Campus Academic Wing,Network & Enterprise Security,Electronics & Communication,6,"Python, Linux, System Design, SQL, Networking, Cybersecurity","Linux Mastery, Career Preparation, Portfolio Reviews",Discussion & Case Studies,High (3-4 hrs/week),Weekly Video Calls,4.9,36,92,"Professor at Cisco with 6 years of domain experience. Enjoys guiding college students through skill gaps, career roadmaps, and technical interview simulations."
MEN025,Reyansh Reddy,Staff Full Stack Engineer,Microsoft,Enterprise Software,Electronics & Communication,4,"System Design, Node.js, FastAPI, Data Structures, TypeScript, React, SQL","System Design Mastery, Career Preparation, Portfolio Reviews",Hands-on Projects,High (3-4 hrs/week),Async & Weekly Sync,4.4,42,95,"Industry Professional at Microsoft with 4 years of domain experience. Enjoys guiding college students through skill gaps, career roadmaps, and technical interview simulations."
MEN026,Dhruv Pandey,Researcher - Senior AI/ML Engineer,Campus Academic Wing,AI Hardware & Inference,Electrical Engineering,1,"Python, AWS, Docker, PyTorch, Computer Vision, MLOps, Deep Learning","Docker Mastery, Career Preparation, Portfolio Reviews",Pair Programming,Evenings,Chat & Code Reviews,4.7,12,94,"Researcher at NVIDIA with 1 years of domain experience. Enjoys guiding college students through skill gaps, career roadmaps, and technical interview simulations."
MEN027,Ankit Rao,Founding Engineer & CTO,AI Startup Labs,Early Stage Venture,Electronics & Communication,8,"Python, System Design, LLMs, Docker, FastAPI, Generative AI, RAG, Data Structures, React","FastAPI Mastery, Career Preparation, Portfolio Reviews",Discussion & Case Studies,High (3-4 hrs/week),Bi-weekly Mentorship,4.9,58,98,"Industry Professional at AI Startup Labs with 8 years of domain experience. Enjoys guiding college students through skill gaps, career roadmaps, and technical interview simulations."
MEN028,Diya Trivedi,Senior Student - Staff Full Stack Engineer,Campus Academic Wing,Enterprise Software,Information Technology,4,"System Design, Java, Node.js, FastAPI, Figma, TypeScript, React, SQL, Deep Learning","TypeScript Mastery, Career Preparation, Portfolio Reviews",Step-by-step Guidance,High (Flexible),Chat & Code Reviews,4.8,47,99,"Senior Student at Microsoft with 4 years of domain experience. Enjoys guiding college students through skill gaps, career roadmaps, and technical interview simulations."
MEN029,Navya Das,Senior Student - Senior Cybersecurity Specialist,Campus Academic Wing,Network & Enterprise Security,Electronics & Communication,3,"Python, Linux, System Design, Networking, Cybersecurity","Networking Mastery, Career Preparation, Portfolio Reviews",Discussion & Case Studies,Evenings,Chat & Code Reviews,4.9,53,98,"Senior Student at Cisco with 3 years of domain experience. Enjoys guiding college students through skill gaps, career roadmaps, and technical interview simulations."
MEN030,Priya Bansal,Alumni - Staff Full Stack Engineer,Microsoft,Enterprise Software,Information Technology,4,"System Design, Django, Node.js, FastAPI, TypeScript, UI/UX, React, SQL","SQL Mastery, Career Preparation, Portfolio Reviews",Discussion & Case Studies,High (Flexible),Async & Weekly Sync,4.6,36,99,"Alumni at Microsoft with 4 years of domain experience. Enjoys guiding college students through skill gaps, career roadmaps, and technical interview simulations."
MEN031,Ayaan Bhattacharya,Alumni - Staff Full Stack Engineer,Microsoft,Enterprise Software,Electrical Engineering,4,"System Design, Leadership, Node.js, FastAPI, TypeScript, React, SQL","Node.js Mastery, Career Preparation, Portfolio Reviews",Conceptual / Theory First,Moderate (2 hrs/week),Weekly Video Calls,5.0,73,98,"Alumni at Microsoft with 4 years of domain experience. Enjoys guiding college students through skill gaps, career roadmaps, and technical interview simulations."
MEN032,Ankit Deshmukh,Senior Student - Staff Full Stack Engineer,Campus Academic Wing,Enterprise Software,Mechanical Engineering,4,"System Design, Java, Node.js, FastAPI, TypeScript, Computer Vision, React, SQL","TypeScript Mastery, Career Preparation, Portfolio Reviews",Step-by-step Guidance,High (3-4 hrs/week),Weekly Video Calls,4.9,47,91,"Senior Student at Microsoft with 4 years of domain experience. Enjoys guiding college students through skill gaps, career roadmaps, and technical interview simulations."
MEN033,Ahana Saxena,Senior Student - Alumni Software Engineer,Campus Academic Wing,Quantitative Technology,Artificial Intelligence & Data Science,3,"System Design, Algorithms, Java, Generative AI, Data Structures, SQL","System Design Mastery, Career Preparation, Portfolio Reviews",Step-by-step Guidance,High (Flexible),Chat & Code Reviews,4.9,20,98,"Senior Student at Goldman Sachs with 3 years of domain experience. Enjoys guiding college students through skill gaps, career roadmaps, and technical interview simulations."
MEN034,Pranav Iyer,Senior Student - Product Lead,Campus Academic Wing,Consumer Tech,Computer Science Engineering,3,"Communication, Leadership, UI/UX, Machine Learning, Product Management, Data Analysis","Communication Mastery, Career Preparation, Portfolio Reviews",Pair Programming,Moderate (2 hrs/week),Bi-weekly Mentorship,4.5,36,99,"Senior Student at Meta with 3 years of domain experience. Enjoys guiding college students through skill gaps, career roadmaps, and technical interview simulations."
MEN035,Pari Agarwal,Alumni - Senior AI/ML Engineer,NVIDIA,AI Hardware & Inference,Mechanical Engineering,1,"Python, Docker, PyTorch, MongoDB, UI/UX, DevOps, Computer Vision, MLOps, Deep Learning","Deep Learning Mastery, Career Preparation, Portfolio Reviews",Discussion & Case Studies,High (Flexible),Flexible Office Hours,5.0,52,93,"Alumni at NVIDIA with 1 years of domain experience. Enjoys guiding college students through skill gaps, career roadmaps, and technical interview simulations."
MEN036,Pranav Patel,Senior Student - Senior UI/UX Design Lead,Campus Academic Wing,Creative Cloud,Electronics & Communication,4,"User Research, NLP, Figma, Design Systems, UI/UX, React, Git","Figma Mastery, Career Preparation, Portfolio Reviews",Discussion & Case Studies,Weekends Only,Weekly Video Calls,4.9,75,98,"Senior Student at Adobe with 4 years of domain experience. Enjoys guiding college students through skill gaps, career roadmaps, and technical interview simulations."
MEN037,Priya Deshmukh,Teaching Assistant - Senior AI/ML Engineer,Campus Academic Wing,AI Hardware & Inference,Information Technology,3,"Python, Machine Learning, Docker, PyTorch, Power BI, Computer Vision, MLOps, Deep Learning","MLOps Mastery, Career Preparation, Portfolio Reviews",Pair Programming,Evenings,Async & Weekly Sync,4.6,73,98,"Teaching Assistant at NVIDIA with 3 years of domain experience. Enjoys guiding college students through skill gaps, career roadmaps, and technical interview simulations."
MEN038,Diya Gupta,Entrepreneur - Senior Cybersecurity Specialist,Cisco,Network & Enterprise Security,Information Technology,2,"Python, Linux, System Design, SQL, Networking, React, Cybersecurity, Data Analysis","Cybersecurity Mastery, Career Preparation, Portfolio Reviews",Discussion & Case Studies,Evenings,Bi-weekly Mentorship,4.8,50,98,"Entrepreneur at Cisco with 2 years of domain experience. Enjoys guiding college students through skill gaps, career roadmaps, and technical interview simulations."
MEN039,Riya Deshmukh,Alumni - Alumni Software Engineer,Goldman Sachs,Quantitative Technology,Information Technology,4,"System Design, Algorithms, Java, Node.js, Data Structures, Tableau, SQL","SQL Mastery, Career Preparation, Portfolio Reviews",Step-by-step Guidance,High (3-4 hrs/week),Weekly Video Calls,4.8,48,99,"Alumni at Goldman Sachs with 4 years of domain experience. Enjoys guiding college students through skill gaps, career roadmaps, and technical interview simulations."
MEN040,Ananya Pandey,Entrepreneur - Founding Engineer & CTO,AI Startup Labs,Early Stage Venture,Electronics & Communication,1,"Python, LLMs, Docker, FastAPI, Generative AI, GitHub, RAG, Public Speaking, Computer Vision, React","RAG Mastery, Career Preparation, Portfolio Reviews",Conceptual / Theory First,Moderate (2 hrs/week),Weekly Video Calls,4.7,68,99,"Entrepreneur at AI Startup Labs with 1 years of domain experience. Enjoys guiding college students through skill gaps, career roadmaps, and technical interview simulations."
MEN041,Priya Kumar,Alumni - Senior AI/ML Engineer,NVIDIA,AI Hardware & Inference,Computer Science Engineering,1,"Python, Communication, NLP, Docker, PyTorch, UI/UX, Computer Vision, MLOps, Deep Learning","Computer Vision Mastery, Career Preparation, Portfolio Reviews",Step-by-step Guidance,Moderate (2 hrs/week),Async & Weekly Sync,4.8,33,88,"Alumni at NVIDIA with 1 years of domain experience. Enjoys guiding college students through skill gaps, career roadmaps, and technical interview simulations."
MEN042,Sai Malhotra,Teaching Assistant - Principal DevOps Engineer,Campus Academic Wing,High Scale Logistics,Electronics & Communication,4,"Linux, AWS, GCP, Docker, Kubernetes, Figma, CI/CD, DevOps","AWS Mastery, Career Preparation, Portfolio Reviews",Pair Programming,High (Flexible),Weekly Video Calls,4.5,27,91,"Teaching Assistant at Uber with 4 years of domain experience. Enjoys guiding college students through skill gaps, career roadmaps, and technical interview simulations."
MEN043,Vikram Mishra,Entrepreneur - Senior UI/UX Design Lead,Adobe,Creative Cloud,Computer Science Engineering,1,"User Research, Figma, Design Systems, Kubernetes, UI/UX, React","UI/UX Mastery, Career Preparation, Portfolio Reviews",Hands-on Projects,High (3-4 hrs/week),Async & Weekly Sync,4.8,68,93,"Entrepreneur at Adobe with 1 years of domain experience. Enjoys guiding college students through skill gaps, career roadmaps, and technical interview simulations."
MEN044,Aanya Saxena,Professor - Teaching Assistant & Master Scholar,Campus Academic Wing,Academics,Information Technology,3,"Python, Algorithms, Research, GitHub, Generative AI, Data Structures, Kubernetes, Git","Git Mastery, Career Preparation, Portfolio Reviews",Step-by-step Guidance,Evenings,Bi-weekly Mentorship,4.8,24,97,"Professor at University Tech Hub with 3 years of domain experience. Enjoys guiding college students through skill gaps, career roadmaps, and technical interview simulations."
MEN045,Siya Gupta,Alumni - Staff Full Stack Engineer,Microsoft,Enterprise Software,Electrical Engineering,1,"System Design, Node.js, FastAPI, Figma, TypeScript, DevOps, React, SQL","SQL Mastery, Career Preparation, Portfolio Reviews",Discussion & Case Studies,Evenings,Async & Weekly Sync,4.9,14,94,"Alumni at Microsoft with 1 years of domain experience. Enjoys guiding college students through skill gaps, career roadmaps, and technical interview simulations."
MEN046,Meera Menon,Teaching Assistant - Founding Engineer & CTO,Campus Academic Wing,Early Stage Venture,Electrical Engineering,1,"Python, LLMs, Docker, FastAPI, Generative AI, RAG, Machine Learning, React","FastAPI Mastery, Career Preparation, Portfolio Reviews",Pair Programming,High (3-4 hrs/week),Async & Weekly Sync,4.5,35,88,"Teaching Assistant at AI Startup Labs with 1 years of domain experience. Enjoys guiding college students through skill gaps, career roadmaps, and technical interview simulations."
MEN047,Ayaan Agarwal,Researcher - Senior Cybersecurity Specialist,Campus Academic Wing,Network & Enterprise Security,Computer Science Engineering,2,"Python, Linux, System Design, Networking, MLOps, Cybersecurity","System Design Mastery, Career Preparation, Portfolio Reviews",Pair Programming,Weekends Only,Flexible Office Hours,4.6,16,89,"Researcher at Cisco with 2 years of domain experience. Enjoys guiding college students through skill gaps, career roadmaps, and technical interview simulations."
MEN048,Ishaan Das,Professor - Senior AI/ML Engineer,Campus Academic Wing,AI Hardware & Inference,Electrical Engineering,7,"Python, Docker, PyTorch, Tableau, Computer Vision, MLOps, Deep Learning","MLOps Mastery, Career Preparation, Portfolio Reviews",Conceptual / Theory First,High (Flexible),Chat & Code Reviews,4.9,49,98,"Professor at NVIDIA with 7 years of domain experience. Enjoys guiding college students through skill gaps, career roadmaps, and technical interview simulations."
MEN049,Pooja Rao,Alumni - Teaching Assistant & Master Scholar,University Tech Hub,Academics,Information Technology,2,"Python, JavaScript, Algorithms, GCP, Django, GitHub, Data Structures, Git","Algorithms Mastery, Career Preparation, Portfolio Reviews",Discussion & Case Studies,High (Flexible),Weekly Video Calls,4.4,30,92,"Alumni at University Tech Hub with 2 years of domain experience. Enjoys guiding college students through skill gaps, career roadmaps, and technical interview simulations."
MEN050,Prisha Joshi,Professor - Product Lead,Campus Academic Wing,Consumer Tech,Information Technology,14,"Communication, Leadership, Node.js, UI/UX, MLOps, Product Management, Data Analysis","Leadership Mastery, Career Preparation, Portfolio Reviews",Step-by-step Guidance,High (3-4 hrs/week),Bi-weekly Mentorship,4.6,60,98,"Professor at Meta with 14 years of domain experience. Enjoys guiding college students through skill gaps, career roadmaps, and technical interview simulations."
MEN051,Neha Das,Teaching Assistant - Lead Data Scientist,Campus Academic Wing,FinTech & Fraud Detection,Artificial Intelligence & Data Science,2,"Python, Kubernetes, Tableau, Machine Learning, SQL, Data Analysis","Tableau Mastery, Career Preparation, Portfolio Reviews",Discussion & Case Studies,High (Flexible),Weekly Video Calls,5.0,36,99,"Teaching Assistant at Stripe with 2 years of domain experience. Enjoys guiding college students through skill gaps, career roadmaps, and technical interview simulations."
MEN052,Isha Menon,Alumni - Lead Data Scientist,Stripe,FinTech & Fraud Detection,Electrical Engineering,4,"Python, Java, RAG, Tableau, Machine Learning, SQL, Data Analysis","Python Mastery, Career Preparation, Portfolio Reviews",Discussion & Case Studies,Evenings,Async & Weekly Sync,4.5,46,89,"Alumni at Stripe with 4 years of domain experience. Enjoys guiding college students through skill gaps, career roadmaps, and technical interview simulations."
MEN053,Diya Saxena,Alumni - Staff Full Stack Engineer,Microsoft,Enterprise Software,Information Technology,3,"System Design, NLP, Azure, Node.js, FastAPI, TypeScript, React, SQL","FastAPI Mastery, Career Preparation, Portfolio Reviews",Hands-on Projects,High (3-4 hrs/week),Weekly Video Calls,4.6,24,94,"Alumni at Microsoft with 3 years of domain experience. Enjoys guiding college students through skill gaps, career roadmaps, and technical interview simulations."
MEN054,Meera Mishra,Teaching Assistant - Product Lead,Campus Academic Wing,Consumer Tech,Artificial Intelligence & Data Science,4,"Communication, Leadership, UI/UX, Tableau, Product Management, Data Analysis","Communication Mastery, Career Preparation, Portfolio Reviews",Hands-on Projects,High (3-4 hrs/week),Weekly Video Calls,4.6,48,96,"Teaching Assistant at Meta with 4 years of domain experience. Enjoys guiding college students through skill gaps, career roadmaps, and technical interview simulations."
MEN055,Ananya Pandey,Professor - Senior UI/UX Design Lead,Campus Academic Wing,Creative Cloud,Electrical Engineering,8,"User Research, Figma, Design Systems, RAG, UI/UX, DevOps, React, MLOps","Figma Mastery, Career Preparation, Portfolio Reviews",Pair Programming,High (3-4 hrs/week),Flexible Office Hours,4.9,63,95,"Professor at Adobe with 8 years of domain experience. Enjoys guiding college students through skill gaps, career roadmaps, and technical interview simulations."
MEN056,Rahul Gupta,Professor - Lead Data Scientist,Campus Academic Wing,FinTech & Fraud Detection,Electrical Engineering,9,"Python, Cybersecurity, Kubernetes, Tableau, Machine Learning, React, SQL, Data Analysis","Data Analysis Mastery, Career Preparation, Portfolio Reviews",Step-by-step Guidance,Moderate (2 hrs/week),Chat & Code Reviews,4.8,43,98,"Professor at Stripe with 9 years of domain experience. Enjoys guiding college students through skill gaps, career roadmaps, and technical interview simulations."
MEN057,Saanvi Trivedi,Teaching Assistant - Alumni Software Engineer,Campus Academic Wing,Quantitative Technology,Mechanical Engineering,3,"Communication, System Design, Algorithms, Java, Data Structures, Tableau, SQL","Java Mastery, Career Preparation, Portfolio Reviews",Pair Programming,Evenings,Bi-weekly Mentorship,5.0,41,92,"Teaching Assistant at Goldman Sachs with 3 years of domain experience. Enjoys guiding college students through skill gaps, career roadmaps, and technical interview simulations."
MEN058,Reyansh Saxena,Senior Student - Staff Full Stack Engineer,Campus Academic Wing,Enterprise Software,Artificial Intelligence & Data Science,2,"System Design, Node.js, FastAPI, TypeScript, Computer Vision, React, SQL","SQL Mastery, Career Preparation, Portfolio Reviews",Step-by-step Guidance,High (3-4 hrs/week),Chat & Code Reviews,4.7,22,99,"Senior Student at Microsoft with 2 years of domain experience. Enjoys guiding college students through skill gaps, career roadmaps, and technical interview simulations."
MEN059,Neha Malhotra,Lead Data Scientist,Stripe,FinTech & Fraud Detection,Computer Science Engineering,10,"Python, Figma, Tableau, DevOps, Machine Learning, SQL, Data Analysis","Data Analysis Mastery, Career Preparation, Portfolio Reviews",Discussion & Case Studies,Weekends Only,Weekly Video Calls,4.4,36,99,"Industry Professional at Stripe with 10 years of domain experience. Enjoys guiding college students through skill gaps, career roadmaps, and technical interview simulations."
MEN060,Priya Deshmukh,Researcher - Teaching Assistant & Master Scholar,Campus Academic Wing,Academics,Artificial Intelligence & Data Science,1,"Python, Algorithms, Leadership, GitHub, Data Structures, Tableau, Computer Vision, Git","Algorithms Mastery, Career Preparation, Portfolio Reviews",Discussion & Case Studies,Weekends Only,Async & Weekly Sync,4.9,34,89,"Researcher at University Tech Hub with 1 years of domain experience. Enjoys guiding college students through skill gaps, career roadmaps, and technical interview simulations."
MEN061,Riya Bhattacharya,Professor - Senior UI/UX Design Lead,Campus Academic Wing,Creative Cloud,Computer Science Engineering,8,"User Research, Figma, Design Systems, Data Structures, UI/UX, React","Design Systems Mastery, Career Preparation, Portfolio Reviews",Pair Programming,Evenings,Bi-weekly Mentorship,4.9,43,96,"Professor at Adobe with 8 years of domain experience. Enjoys guiding college students through skill gaps, career roadmaps, and technical interview simulations."
MEN062,Aaryan Kumar,Researcher - Senior AI/ML Engineer,Campus Academic Wing,AI Hardware & Inference,Electrical Engineering,4,"Python, Docker, PyTorch, GitHub, Computer Vision, MLOps, Deep Learning","MLOps Mastery, Career Preparation, Portfolio Reviews",Hands-on Projects,Weekends Only,Async & Weekly Sync,5.0,16,95,"Researcher at NVIDIA with 4 years of domain experience. Enjoys guiding college students through skill gaps, career roadmaps, and technical interview simulations."
MEN063,Kavya Choudhury,Alumni - Principal DevOps Engineer,Uber,High Scale Logistics,Artificial Intelligence & Data Science,3,"Python, Linux, AWS, GCP, Docker, Kubernetes, CI/CD, DevOps","Docker Mastery, Career Preparation, Portfolio Reviews",Hands-on Projects,Evenings,Chat & Code Reviews,4.6,35,94,"Alumni at Uber with 3 years of domain experience. Enjoys guiding college students through skill gaps, career roadmaps, and technical interview simulations."
MEN064,Atharva Mehta,Teaching Assistant - Teaching Assistant & Master Scholar,Campus Academic Wing,Academics,Electronics & Communication,2,"Python, Algorithms, GitHub, Data Structures, Machine Learning, Git, Data Analysis","Git Mastery, Career Preparation, Portfolio Reviews",Pair Programming,Weekends Only,Bi-weekly Mentorship,4.4,44,91,"Teaching Assistant at University Tech Hub with 2 years of domain experience. Enjoys guiding college students through skill gaps, career roadmaps, and technical interview simulations."
MEN065,Riya Shah,Teaching Assistant - Lead Data Scientist,Campus Academic Wing,FinTech & Fraud Detection,Information Technology,3,"Python, Leadership, Tableau, Machine Learning, SQL, Data Analysis","Machine Learning Mastery, Career Preparation, Portfolio Reviews",Step-by-step Guidance,High (3-4 hrs/week),Bi-weekly Mentorship,4.8,68,90,"Teaching Assistant at Stripe with 3 years of domain experience. Enjoys guiding college students through skill gaps, career roadmaps, and technical interview simulations."
